{
	"credit": "Made with Blockbench",
	"parent": "minecraft:item/generated",
	"textures": {
		"layer0": "woc:item/fly_amulet",
		"particle": "woc:item/fly_amulet"
	},
	"display": {
		"thirdperson_righthand": {
			"rotation": [0, 0, 3],
			"translation": [0.25, 0.75, 0.25],
			"scale": [0.49, 0.49, 0.49]
		},
		"thirdperson_lefthand": {
			"translation": [0, 3, 1],
			"scale": [0.55, 0.55, 0.55]
		},
		"firstperson_righthand": {
			"rotation": [0, -90, 25],
			"translation": [1.13, 3.2, 1.13],
			"scale": [0.68, 0.68, 0.68]
		},
		"firstperson_lefthand": {
			"rotation": [0, -90, 25],
			"translation": [1.13, 3.2, 1.13],
			"scale": [0.68, 0.68, 0.68]
		},
		"ground": {
			"rotation": [14.5, 0, 4],
			"translation": [0, -0.5, 1.75],
			"scale": [0.5, 0.5, 0.5]
		},
		"head": {
			"rotation": [90, 180, 0],
			"translation": [-0.25, 7.25, 0.25]
		},
		"fixed": {
			"rotation": [0, 180, 0]
		}
	}
}